next_sender,mean,median,min,max,count
Emma,2.283333333333333,2.283333333333333,2.283333333333333,2.283333333333333,1
Mike,9.383333333333333,9.383333333333333,9.383333333333333,9.383333333333333,1
